Rk,Player,Tm,Age,Pos,G,GS,Tgt,Rec,Ctch%,Yds,Y/R,TD,1D,Succ%,Lng,Y/Tgt,R/G,Y/G,Fmb,Player-additional
1,Larry Fitzgerald*,ARI,22,WR,16,16,165,103,62.4%,1409,13.7,10,68,52.1,47,8.5,6.4,88.1,0,FitzLa00
2,Steve Smith Sr.*+,CAR,26,WR,16,16,150,103,68.7%,1563,15.2,12,72,58.0,80,10.4,6.4,97.7,2,SmitSt01
3,Anquan Boldin,ARI,25,WR,14,14,171,102,59.6%,1402,13.7,7,69,52.6,54,8.2,7.3,100.1,2,BoldAn00
4,Torry Holt*,STL,29,WR,14,14,163,102,62.6%,1331,13.0,9,63,52.1,44,8.2,7.3,95.1,2,HoltTo00
5,Chad Johnson*+,CIN,27,WR,16,16,155,97,62.6%,1432,14.8,9,74,60.0,70,9.2,6.1,89.5,1,JohnCh01
6,Antonio Gates*+,SDG,25,TE,15,15,140,89,63.6%,1101,12.4,10,62,53.6,38,7.9,5.9,73.4,0,GateAn00
7,Donald Driver,GNB,30,WR,16,16,146,86,58.9%,1221,14.2,5,63,53.4,59,8.4,5.4,76.3,0,DrivDo00
8,Derrick Mason,BAL,31,WR,16,16,137,86,62.8%,1073,12.5,3,53,47.4,39,7.8,5.4,67.1,1,MasoDe00
9,Rod Smith*,DEN,35,WR,16,16,126,85,67.5%,1105,13.0,6,55,60.3,72,8.8,5.3,69.1,2,SmitRo01
10,Santana Moss*,WAS,26,WR,16,16,134,84,62.7%,1483,17.7,9,61,51.5,78,11.1,5.3,92.7,3,MossSa00
11,Joey Galloway,TAM,34,WR,16,16,152,83,54.6%,1287,15.5,10,56,47.4,80,8.5,5.2,80.4,0,GallJo00
12,Reggie Wayne,IND,27,WR,16,16,122,83,68.0%,1055,12.7,5,55,61.5,66,8.6,5.2,65.9,1,WaynRe00
13,Chris Chambers*,MIA,27,WR,16,16,166,82,49.4%,1118,13.6,11,59,45.2,77,6.7,5.1,69.9,5,ChamCh00
14,Marvin Harrison*,IND,33,WR,15,15,134,82,61.2%,1146,14.0,12,58,56.0,80,8.6,5.5,76.4,0,HarrMa00
15,Eric Moulds,BUF,32,WR,15,15,129,81,62.8%,816,10.1,4,39,49.6,55,6.3,5.4,54.4,0,MoulEr00
16,Deion Branch,NWE,26,WR,16,15,125,78,62.4%,998,12.8,5,53,56.0,51,8.0,4.9,62.4,0,BranDe00
17,Tony Gonzalez*,KAN,29,TE,16,16,116,78,67.2%,905,11.6,2,45,51.7,39,7.8,4.9,56.6,0,GonzTo00
18,T.J. Houshmandzadeh,CIN,28,WR,14,12,115,78,67.8%,956,12.3,7,52,60.0,43,8.3,5.6,68.3,1,HousTJ00
19,Plaxico Burress,NYG,28,WR,16,15,166,76,45.8%,1214,16.0,7,48,41.6,78,7.3,4.8,75.9,1,BurrPl00
20,Jerry Porter,OAK,27,WR,16,14,142,76,53.5%,942,12.4,5,44,47.2,49,6.6,4.8,58.9,1,PortJe00
21,Todd Heap,BAL,25,TE,16,16,114,75,65.8%,855,11.4,7,45,49.1,48,7.5,4.7,53.4,2,HeapTo00
22,Laveranues Coles,NYJ,28,WR,16,16,132,73,55.3%,845,11.6,5,53,47.7,43,6.4,4.6,52.8,1,ColeLa00
23,Chris Cooley,WAS,23,TE,16,16,103,71,68.9%,774,10.9,7,44,58.3,32,7.5,4.4,48.4,3,CoolCh00
24,Keyshawn Johnson,DAL,33,WR,16,14,123,71,57.7%,839,11.8,6,47,50.4,34,6.8,4.4,52.4,3,JohnKe00
25,LaMont Jordan,OAK,27,RB,14,14,103,70,68.0%,563,8.0,2,26,43.7,28,5.5,5.0,40.2,2,JordLa00
26,Keenan McCardell,SDG,35,WR,16,16,108,70,64.8%,917,13.1,9,50,58.3,54,8.5,4.4,57.3,0,McCaKe00
27,Jimmy Smith,JAX,36,WR,16,16,128,70,54.7%,1023,14.6,6,55,49.2,45,8.0,4.4,63.9,0,SmitJi00
28,Donte' Stallworth,NOR,25,WR,16,13,129,70,54.3%,945,13.5,7,51,47.3,43,7.3,4.4,59.1,1,StalDo00
29,Antonio Bryant,CLE,24,WR,16,15,123,69,56.1%,1009,14.6,4,44,49.6,54,8.2,4.3,63.1,1,BryaAn00
30,Hines Ward,PIT,29,WR,15,15,114,69,60.5%,975,14.1,11,52,57.9,85,8.6,4.6,65.0,1,WardHi00
31,Jermaine Wiggins,MIN,30,TE,16,8,92,69,75.0%,568,8.2,1,31,51.1,24,6.2,4.3,35.5,0,WiggJe00
32,Eddie Kennison,KAN,32,WR,16,16,108,68,63.0%,1102,16.2,5,47,58.3,55,10.2,4.3,68.9,1,KennEd00
33,Bobby Engram,SEA,32,WR,13,13,97,67,69.1%,778,11.6,3,43,61.9,56,8.0,5.2,59.8,2,EngrBo00
34,Jason Witten*,DAL,23,TE,16,16,89,66,74.2%,757,11.5,6,41,60.7,34,8.5,4.1,47.3,0,WittJa00
35,Alge Crumpler*,ATL,28,TE,16,16,118,65,55.1%,877,13.5,5,42,44.1,48,7.4,4.1,54.8,1,CrumAl00
36,Jeremy Shockey*,NYG,25,TE,15,15,121,65,53.7%,891,13.7,7,47,47.9,59,7.4,4.3,59.4,0,ShocJe00
37,Muhsin Muhammad,CHI,32,WR,15,15,136,64,47.1%,750,11.7,4,38,43.4,33,5.5,4.3,50.0,0,MuhaMu00
38,Andre Johnson,HOU,24,WR,13,13,114,63,55.3%,688,10.9,2,42,49.1,53,6.0,4.8,52.9,1,JohnAn02
39,Terry Glenn,DAL,31,WR,16,16,119,62,52.1%,1136,18.3,7,48,47.9,71,9.5,3.9,71.0,0,GlenTe00
40,L.J. Smith,PHI,25,TE,16,16,107,61,57.0%,682,11.2,3,37,48.6,48,6.4,3.8,42.6,1,SmitL.00
41,Brian Westbrook,PHI,26,RB,12,12,96,61,63.5%,616,10.1,4,27,41.7,62,6.4,5.1,51.3,0,WestBr00
42,Kevin Curtis,STL,27,WR,16,9,97,60,61.9%,801,13.4,6,35,52.6,83,8.3,3.8,50.1,2,CurtKe00
43,Randy McMichael,MIA,26,TE,16,16,104,60,57.7%,582,9.7,5,25,45.2,30,5.6,3.8,36.4,1,McMiRa01
44,Randy Moss,OAK,28,WR,16,15,123,60,48.8%,1005,16.8,8,46,43.1,79,8.2,3.8,62.8,0,MossRa00
45,Amani Toomer,NYG,31,WR,16,15,109,60,55.0%,684,11.4,7,38,48.6,37,6.3,3.8,42.8,0,ToomAm00
46,David Givens,NWE,25,WR,13,10,96,59,61.5%,738,12.5,2,33,52.1,40,7.7,4.5,56.8,0,GiveDa00
47,Drew Bennett,TEN,27,WR,13,10,109,58,53.2%,738,12.7,4,36,45.0,55,6.8,4.5,56.8,0,BennDr00
48,Eric Parker,SDG,26,WR,15,9,80,57,71.3%,725,12.7,3,36,62.5,49,9.1,3.8,48.3,2,ParkEr00
49,Jabar Gaffney,HOU,25,WR,16,13,90,55,61.1%,492,8.9,2,31,50.0,29,5.5,3.4,30.8,0,GaffJa00
50,Joe Jurevicius,SEA,31,WR,16,12,84,55,65.5%,694,12.6,10,39,61.9,52,8.3,3.4,43.4,1,JureJo00
51,Erron Kinney,TEN,28,TE,14,14,72,55,76.4%,543,9.9,2,25,50.0,27,7.5,3.9,38.8,0,KinnEr00
52,Ben Troupe,TEN,23,TE,15,11,80,55,68.8%,530,9.6,4,31,56.3,35,6.6,3.7,35.3,2,TrouBe00
53,Tiki Barber*+,NYG,30,RB,16,16,70,54,77.1%,530,9.8,2,22,55.7,48,7.6,3.4,33.1,1,BarbTi00
54,Chris Perry,CIN,24,RB,14,2,62,51,82.3%,328,6.4,2,17,45.2,28,5.3,3.6,23.4,2,PerrCh00
55,LaDainian Tomlinson*,SDG,26,RB,16,16,77,51,66.2%,370,7.3,2,15,33.8,41,4.8,3.2,23.1,3,TomlLa00
56,Brian Finneran,ATL,29,WR,16,7,81,50,61.7%,611,12.2,2,31,45.7,53,7.5,3.1,38.2,0,FinnBr00
57,Travis Taylor,MIN,27,WR,16,13,90,50,55.6%,604,12.1,4,35,46.7,31,6.7,3.1,37.8,1,TaylTr01
58,Antonio Chatman,GNB,26,WR,16,3,86,49,57.0%,549,11.2,4,31,51.2,25,6.4,3.1,34.3,0,ChatAn00
59,Joe Horn,NOR,33,WR,13,13,103,49,47.6%,654,13.3,1,37,43.7,30,6.3,3.8,50.3,2,HornJo00
60,Lee Evans,BUF,24,WR,16,15,92,48,52.2%,743,15.5,7,29,44.6,65,8.1,3.0,46.4,0,EvanLe00
61,Tony Fisher,GNB,26,RB,14,4,65,48,73.8%,347,7.2,1,11,41.5,15,5.3,3.4,24.8,2,FishTo00
62,Greg Lewis,PHI,25,WR,16,16,105,48,45.7%,561,11.7,1,30,41.9,34,5.3,3.0,35.1,0,LewiGr01
63,Brandon Lloyd,SFO,24,WR,16,15,109,48,44.0%,733,15.3,5,34,39.4,89,6.7,3.0,45.8,1,LloyBr00
64,Terrell Owens,PHI,32,WR,7,7,92,47,51.1%,763,16.2,6,32,45.7,91,8.3,6.7,109.0,0,OwenTe00
65,Shaun McDonald,STL,24,WR,16,2,74,46,62.2%,523,11.4,0,28,50.0,31,7.1,2.9,32.7,1,McDoSh00
66,Marcus Pollard,DET,33,TE,16,16,79,46,58.2%,516,11.2,3,28,44.3,86,6.5,2.9,32.3,1,PollMa00
67,Jerramy Stevens,SEA,26,TE,16,11,68,45,66.2%,554,12.3,5,31,61.8,35,8.1,2.8,34.6,0,StevJe00
68,Roy Williams,DET,24,WR,13,12,94,45,47.9%,687,15.3,8,31,44.7,51,7.3,3.5,52.8,0,WillRo04
69,Mark Clayton,BAL,23,WR,14,10,87,44,50.6%,471,10.7,2,22,39.1,47,5.4,3.1,33.6,0,ClayMa01
70,Marshall Faulk,STL,32,RB,16,1,58,44,75.9%,291,6.6,1,18,43.1,18,5.0,2.8,18.2,2,FaulMa00
71,Edgerrin James*,IND,27,RB,15,15,50,44,88.0%,337,7.7,1,22,56.0,20,6.7,2.9,22.5,2,JameEd00
72,Reggie Brown,PHI,24,WR,16,11,79,43,54.4%,571,13.3,4,24,43.0,56,7.2,2.7,35.7,1,BrowRe01
73,Steve Heiden,CLE,29,TE,15,13,60,43,71.7%,401,9.3,3,20,60.0,62,6.7,2.9,26.7,0,HeidSt00
74,Steven Jackson,STL,22,RB,15,15,55,43,78.2%,320,7.4,2,13,56.4,27,5.8,2.9,21.3,3,JackSt00
75,Justin McCareins,NYJ,27,WR,16,16,102,43,42.2%,713,16.6,2,33,40.2,45,7.0,2.7,44.6,0,McCaJu00
76,Ashley Lelie,DEN,25,WR,16,13,88,42,47.7%,770,18.3,1,29,44.3,56,8.8,2.6,48.1,0,LeliAs00
77,Dennis Northcutt,CLE,28,WR,16,7,77,42,54.5%,441,10.5,2,19,45.5,58,5.7,2.6,27.6,0,NortDe00
78,Alex Smith,TAM,23,TE,16,10,61,41,67.2%,367,9.0,2,22,54.1,24,6.0,2.6,22.9,0,SmitAl02
79,Brandon Stokley,IND,29,WR,15,4,67,41,61.2%,543,13.2,1,29,52.2,45,8.1,2.7,36.2,0,StokBr00
80,Chester Taylor,BAL,26,RB,15,1,53,41,77.4%,292,7.1,1,13,37.7,20,5.5,2.7,19.5,3,TaylCh01
81,Ernest Wilford,JAX,26,WR,16,8,74,41,55.4%,681,16.6,7,35,54.1,39,9.2,2.6,42.6,0,WilfEr00
82,Bryant Johnson,ARI,24,WR,14,4,72,40,55.6%,432,10.8,1,25,44.4,41,6.0,2.9,30.9,0,JohnBr02
83,Scottie Vines,DET,26,WR,13,11,71,40,56.3%,417,10.4,0,22,42.3,40,5.9,3.1,32.1,0,VineSc00
84,Marty Booker,MIA,29,WR,15,12,86,39,45.3%,686,17.6,3,30,43.0,60,8.0,2.6,45.7,0,BookMa00
85,Troy Brown,NWE,34,WR/DB,13,3,59,39,66.1%,466,11.9,2,25,59.3,71,7.9,3.0,35.8,0,BrowTr00
86,Reuben Droughns,CLE,27,RB,16,16,56,39,69.6%,369,9.5,0,14,46.4,51,6.6,2.4,23.1,6,DrouRe00
87,Heath Miller,PIT,23,TE,16,15,52,39,75.0%,459,11.8,6,22,55.8,50,8.8,2.4,28.7,0,MillHe00
88,Domanick Williams,HOU,25,RB,11,11,48,39,81.3%,337,8.6,4,19,45.8,33,7.0,3.5,30.6,2,DaviDo01
89,Darrell Jackson,SEA,27,WR,6,6,55,38,69.1%,482,12.7,3,29,61.8,48,8.8,6.3,80.3,0,JackDa00
90,Shawn Bryson,DET,29,RB,16,2,47,37,78.7%,284,7.7,0,12,36.2,63,6.0,2.3,17.8,1,BrysSh00
91,Dallas Clark,IND,26,TE,15,14,52,37,71.2%,488,13.2,4,25,63.5,56,9.4,2.5,32.5,0,ClarDa00
92,Doug Gabriel,OAK,25,WR,14,2,72,37,51.4%,554,15.0,3,31,47.2,38,7.7,2.6,39.6,0,GabrDo00
93,Mewelde Moore,MIN,23,RB,16,8,49,37,75.5%,339,9.2,2,17,51.0,29,6.9,2.3,21.2,2,MoorMe00
94,Jeb Putzier,DEN,26,TE,16,4,58,37,63.8%,481,13.0,0,28,60.3,32,8.3,2.3,30.1,1,PutzJe00
95,Bo Scaife,TEN,24,TE,16,5,56,37,66.1%,273,7.4,2,17,51.8,19,4.9,2.3,17.1,0,ScaiBo00
96,Isaac Bruce,STL,33,WR,11,10,71,36,50.7%,525,14.6,3,21,43.7,46,7.4,3.3,47.7,0,BrucIs00
97,Michael Jenkins,ATL,23,WR,14,12,71,36,50.7%,508,14.1,3,28,45.1,58,7.2,2.6,36.3,1,JenkMi00
98,Matt Jones,JAX,22,WR,16,1,69,36,52.2%,432,12.0,5,23,40.6,42,6.3,2.3,27.0,2,JoneMa00
99,Samie Parker,KAN,24,WR,12,9,58,36,62.1%,533,14.8,3,27,55.2,49,9.2,3.0,44.4,2,ParkSa00
100,Michael Pittman,TAM,30,RB,16,4,46,36,78.3%,300,8.3,1,14,47.8,41,6.5,2.3,18.8,1,PittMi00
101,Ike Hilliard,TAM,29,WR,16,2,53,35,66.0%,282,8.1,1,24,54.7,22,5.3,2.2,17.6,0,HillIk00
102,Zachary Hilton,NOR,25,TE,15,6,56,35,62.5%,396,11.3,1,20,55.4,29,7.1,2.3,26.4,0,HiltZa00
103,Julius Jones,DAL,24,RB,13,12,45,35,77.8%,218,6.2,0,9,35.6,26,4.8,2.7,16.8,4,JoneJu01
104,Antwaan Randle El,PIT,26,WR,16,15,69,35,50.7%,558,15.9,1,23,46.4,63,8.1,2.2,34.9,4,RandAn00
105,Marcel Shipp,ARI,27,RB,15,11,44,35,79.5%,255,7.3,0,8,36.4,28,5.8,2.3,17.0,4,ShipMa00
106,Aaron Stecker,NOR,30,RB,15,4,48,35,72.9%,281,8.0,0,12,47.9,41,5.9,2.3,18.7,3,StecAa00
107,Reggie Williams,JAX,22,WR,16,7,63,35,55.6%,445,12.7,0,23,47.6,41,7.1,2.2,27.8,2,WillRe00
108,Obafemi Ayanbadejo,ARI,30,RB,16,2,45,34,75.6%,231,6.8,0,12,35.6,18,5.1,2.1,14.4,1,AyanOb00
109,Corey Bradford,HOU,30,WR,16,6,66,34,51.5%,436,12.8,5,19,45.5,50,6.6,2.1,27.3,0,BradCo00
110,DeShaun Foster,CAR,25,RB,15,5,48,34,70.8%,372,10.9,1,12,41.7,47,7.8,2.3,24.8,2,FostDe00
111,Az-Zahir Hakim,NOR,28,WR,12,2,58,34,58.6%,489,14.4,2,26,53.4,42,8.4,2.8,40.8,1,HakiAz00
112,Dante Hall,KAN,27,WR,16,2,51,34,66.7%,436,12.8,3,20,52.9,52,8.5,2.1,27.3,5,HallDa00
113,Larry Johnson*,KAN,26,RB,16,9,49,33,67.3%,343,10.4,1,13,51.0,36,7.0,2.1,21.4,5,JohnLa00
114,Donald Lee,GNB,25,TE,15,5,55,33,60.0%,294,8.9,2,16,45.5,27,5.3,2.2,19.6,0,LeexDo00
115,Arnaz Battle,SFO,25,WR,10,8,54,32,59.3%,363,11.3,3,20,46.3,39,6.7,3.2,36.3,1,BattAr00
116,Ronnie Brown,MIA,24,RB,15,14,47,32,68.1%,232,7.3,1,12,48.9,38,4.9,2.1,15.5,4,BrowRo05
117,Michael Clayton,TAM,23,WR,14,10,55,32,58.2%,372,11.6,0,18,41.8,41,6.8,2.3,26.6,1,ClayMi00
118,Braylon Edwards,CLE,22,WR,10,7,59,32,54.2%,512,16.0,3,22,47.5,80,8.7,3.2,51.2,0,EdwaBr00
119,Jamal Lewis,BAL,26,RB,15,15,44,32,72.7%,191,6.0,1,6,38.6,15,4.3,2.1,12.7,5,LewiJa00
120,Alvin Pearman,JAX,23,RB,16,0,36,32,88.9%,240,7.5,0,11,55.6,19,6.7,2.0,15.0,4,PearAl00
121,Josh Reed,BUF,25,WR,16,6,53,32,60.4%,449,14.0,2,20,49.1,51,8.5,2.0,28.1,0,ReedJo01
122,Kevan Barlow,SFO,26,RB,12,12,42,31,73.8%,241,7.8,0,7,31.0,24,5.7,2.6,20.1,2,BarlKe00
123,Justin Gage,CHI,24,WR,15,11,55,31,56.4%,346,11.2,2,22,54.5,25,6.3,2.1,23.1,0,GageJu00
124,Chris Henry,CIN,22,WR,14,5,50,31,62.0%,422,13.6,6,19,50.0,47,8.4,2.2,30.1,2,HenrCh00
125,Marcus Robinson,MIN,30,WR,15,9,57,31,54.4%,515,16.6,5,24,43.9,68,9.0,2.1,34.3,0,RobiMa00
126,Nate Burleson,MIN,24,WR,12,9,52,30,57.7%,328,10.9,1,20,50.0,20,6.3,2.5,27.3,0,BurlNa00
127,William Henderson,GNB,34,FB,16,8,34,30,88.2%,264,8.8,0,13,64.7,32,7.8,1.9,16.5,1,HendWi00
128,Clinton Portis,WAS,24,RB,16,16,41,30,73.2%,216,7.2,0,13,58.5,23,5.3,1.9,13.5,3,PortCl00
129,Warrick Dunn*,ATL,30,RB,16,16,37,29,78.4%,220,7.6,1,8,54.1,24,5.9,1.8,13.8,3,DunnWa00
130,Kevin Faulk,NWE,29,RB,8,2,37,29,78.4%,260,9.0,0,13,51.4,23,7.0,3.6,32.5,3,FaulKe00
131,Doug Jolley,NYJ,26,TE,16,7,50,29,58.0%,324,11.2,1,17,42.0,60,6.5,1.8,20.3,1,JollDo00
132,Ben Watson,NWE,25,TE,15,9,54,29,53.7%,441,15.2,4,22,51.9,35,8.2,1.9,29.4,1,WatsBe00
133,Wes Welker,MIA,24,WR,16,1,52,29,55.8%,434,15.0,0,19,51.9,47,8.3,1.8,27.1,5,WelkWe00
134,Roddy White,ATL,24,WR,16,8,69,29,42.0%,446,15.4,3,23,39.1,54,6.5,1.8,27.9,1,WhitRo00
135,Mike Williams,DET,21,WR,14,4,57,29,50.9%,350,12.1,1,20,47.4,49,6.1,2.1,25.0,2,WillMi03
136,Adam Bergen,ARI,22,TE,16,9,43,28,65.1%,270,9.6,1,13,44.2,32,6.3,1.8,16.9,0,BergAd00
137,Reche Caldwell,SDG,26,WR,16,2,43,28,65.1%,352,12.6,1,16,58.1,43,8.2,1.8,22.0,2,CaldRe00
138,D.J. Hackett,SEA,24,WR,13,3,43,28,65.1%,400,14.3,2,17,60.5,47,9.3,2.2,30.8,0,HackD.00
139,Willis McGahee,BUF,24,RB,16,15,37,28,75.7%,178,6.4,0,10,37.8,19,4.8,1.8,11.1,1,McGaWi00
140,Jerald Sowell,NYJ,31,FB,16,14,38,28,73.7%,155,5.5,2,7,39.5,28,4.1,1.8,9.7,1,SoweJe00
141,Michael Bennett,MIN,27,RB,16,6,31,27,87.1%,124,4.6,2,8,32.3,20,4.0,1.7,7.8,5,BennMi00
142,Robert Ferguson,GNB,26,WR,11,7,57,27,47.4%,366,13.6,3,19,43.9,51,6.4,2.5,33.3,0,FergRo00
143,David Martin,GNB,26,TE,12,8,39,27,69.2%,224,8.3,3,14,51.3,21,5.7,2.3,18.7,0,MartDa00
144,Thomas Jones,CHI,27,RB,15,15,39,26,66.7%,143,5.5,0,6,30.8,41,3.7,1.7,9.5,2,JoneTh00
145,Cedrick Wilson,PIT,27,WR,16,1,53,26,49.1%,451,17.3,0,20,41.5,46,8.5,1.6,28.2,1,WilsCe00
146,Mike Alstott,TAM,32,FB,16,7,38,25,65.8%,222,8.9,1,11,50.0,24,5.8,1.6,13.9,0,AlstMi00
147,J.J. Arrington,ARI,22,RB,15,5,34,25,73.5%,139,5.6,0,6,32.4,15,4.1,1.7,9.3,1,ArriJ.00
148,Chris Brown,TEN,24,RB,15,14,37,25,67.6%,327,13.1,2,13,48.6,57,8.8,1.7,21.8,4,BrowCh03
149,Keary Colbert,CAR,23,WR,16,16,55,25,45.5%,282,11.3,2,15,41.8,42,5.1,1.6,17.6,1,ColbKe00
150,Bubba Franks,GNB,27,TE,10,8,39,25,64.1%,207,8.3,1,12,46.2,24,5.3,2.5,20.7,0,FranBu00
151,Ricky Proehl,CAR,37,WR,16,0,50,25,50.0%,441,17.6,4,19,44.0,69,8.8,1.6,27.6,0,ProeRi00
152,Courtney Anderson,OAK,25,TE,14,13,48,24,50.0%,303,12.6,3,19,47.9,36,6.3,1.7,21.6,1,AndeCo00
153,Desmond Clark,CHI,28,TE,16,16,49,24,49.0%,229,9.5,2,16,38.8,31,4.7,1.5,14.3,0,ClarDe00
154,Frisman Jackson,CLE,26,WR,12,0,41,24,58.5%,287,12.0,1,16,56.1,68,7.0,2.0,23.9,0,JackFr01
155,Curtis Martin,NYJ,32,RB,12,12,30,24,80.0%,118,4.9,0,3,36.7,14,3.9,2.0,9.8,2,MartCu00
156,Lorenzo Neal*,SDG,35,FB,16,15,29,24,82.8%,145,6.0,1,4,58.6,21,5.0,1.5,9.1,0,NealLo00
157,Marcellus Rivers,HOU,27,TE,16,5,35,24,68.6%,168,7.0,0,9,45.7,20,4.8,1.5,10.5,0,RiveMa00
158,Troy Williamson,MIN,22,WR,14,3,52,24,46.2%,372,15.5,2,18,40.4,56,7.2,1.7,26.6,0,WillTr01
159,Rudi Johnson,CIN,26,RB,16,14,30,23,76.7%,90,3.9,0,2,23.3,15,3.0,1.4,5.6,1,JohnRu00
160,Brandon Jones,TEN,23,WR,10,8,47,23,48.9%,299,13.0,2,18,44.7,38,6.4,2.3,29.9,0,JoneBr02
161,Dane Looker,STL,29,WR,16,0,27,23,85.2%,237,10.3,0,15,63.0,23,8.8,1.4,14.8,0,LookDa00
162,Kris Mangum,CAR,32,TE,14,9,35,23,65.7%,202,8.8,2,16,45.7,24,5.8,1.6,14.4,0,MangKr00
163,Tyrone Calico,TEN,25,WR,12,6,42,22,52.4%,191,8.7,0,11,38.1,18,4.5,1.8,15.9,1,CaliTy00
164,Patrick Crayton,DAL,26,WR,11,0,35,22,62.9%,341,15.5,2,15,54.3,63,9.7,2.0,31.0,3,CrayPa00
165,Corey Dillon,NWE,31,RB,12,10,26,22,84.6%,181,8.2,1,8,57.7,25,7.0,1.8,15.1,1,DillCo00
166,Devery Henderson,NOR,23,WR,15,3,50,22,44.0%,343,15.6,3,16,40.0,66,6.9,1.5,22.9,0,HendDe00
167,Jim Kleinsasser,MIN,28,TE,16,16,28,22,78.6%,171,7.8,0,6,53.6,15,6.1,1.4,10.7,1,KleiJi00
168,Patrick Pass,NWE,28,FB,12,4,30,22,73.3%,227,10.3,0,8,43.3,39,7.6,1.8,18.9,2,PassPa00
169,David Patten,WAS,31,WR,9,7,53,22,41.5%,217,9.9,0,10,30.2,32,4.1,2.4,24.1,0,PattDa00
170,Koren Robinson*,MIN,25,WR,14,5,37,22,59.5%,347,15.8,1,10,45.9,80,9.4,1.6,24.8,2,RobiKo00
171,Mack Strong*+,SEA,34,FB,16,6,27,22,81.5%,166,7.5,0,6,51.9,27,6.1,1.4,10.4,0,StroMa00
172,Jonathan Wells,HOU,26,RB,15,6,27,22,81.5%,179,8.1,0,6,63.0,20,6.6,1.5,11.9,1,WellJo00
173,Charlie Adams,DEN,26,WR,16,2,36,21,58.3%,203,9.7,0,9,36.1,21,5.6,1.3,12.7,4,AdamCh00
174,Stephen Alexander,DEN,30,TE,16,15,36,21,58.3%,170,8.1,1,9,44.4,15,4.7,1.3,10.6,0,AlexSt00
175,Justin Griffith,ATL,25,FB,16,15,34,21,61.8%,111,5.3,3,7,35.3,17,3.3,1.3,6.9,1,GrifJu00
176,Priest Holmes,KAN,32,RB,7,7,32,21,65.6%,197,9.4,1,7,43.8,60,6.2,3.0,28.1,1,HolmPr00
177,Johnnie Morton,SFO,34,WR,13,10,44,21,47.7%,288,13.7,0,14,36.4,30,6.5,1.6,22.2,0,MortJo00
178,Artose Pinner,DET,27,RB,16,2,25,21,84.0%,181,8.6,0,7,48.0,24,7.2,1.3,11.3,0,PinnAr00
179,Courtney Roby,TEN,22,WR,13,6,43,21,48.8%,289,13.8,1,12,37.2,32,6.7,1.6,22.2,1,RobyCo00
180,Roydell Williams,TEN,24,WR,10,2,39,21,53.8%,299,14.2,2,15,43.6,50,7.7,2.1,29.9,0,WillRo05
181,Kevin Jones,DET,23,RB,13,13,28,20,71.4%,109,5.5,0,3,32.1,28,3.9,1.5,8.4,2,JoneKe02
182,Daniel Wilcox,BAL,28,TE,13,3,28,20,71.4%,154,7.7,1,5,53.6,17,5.5,1.5,11.8,0,WilcDa01
183,Cadillac Williams,TAM,23,RB,14,14,25,20,80.0%,81,4.1,0,4,32.0,15,3.2,1.4,5.8,3,WillCa02
184,Mark Campbell,BUF,30,TE,14,10,29,19,65.5%,139,7.3,0,6,34.5,27,4.8,1.4,9.9,0,CampMa00
185,Jerricho Cotchery,NYJ,23,WR,16,1,32,19,59.4%,251,13.2,0,13,46.9,45,7.8,1.2,15.7,2,CotcJe00
186,Tim Dwight,NWE,30,WR,16,1,34,19,55.9%,332,17.5,3,14,50.0,59,9.8,1.2,20.8,1,DwigTi00
187,Ahman Green,GNB,28,RB,5,5,27,19,70.4%,147,7.7,0,7,44.4,20,5.4,3.8,29.4,1,GreeAh00
188,Kevin Walter,CIN,24,WR,16,2,29,19,65.5%,211,11.1,1,14,55.2,33,7.3,1.2,13.2,0,WaltKe00
189,Mike Anderson,DEN,32,RB,15,15,21,18,85.7%,212,11.8,1,6,61.9,66,10.1,1.2,14.1,2,AndeMi00
190,Chris Baker,NYJ,26,TE,8,8,25,18,72.0%,269,14.9,1,11,56.0,47,10.8,2.3,33.6,1,BakeCh00
191,Marion Barber III,DAL,22,RB,13,2,25,18,72.0%,115,6.4,0,6,40.0,21,4.6,1.4,8.8,3,BarbMa01
192,Tatum Bell,DEN,24,RB,15,1,28,18,64.3%,104,5.8,0,5,35.7,14,3.7,1.2,6.9,3,BellTa00
193,Mark Bradley,CHI,23,WR,7,4,36,18,50.0%,230,12.8,0,9,41.7,54,6.4,2.6,32.9,1,BradMa00
194,Kyle Brady,JAX,33,TE,16,14,26,18,69.2%,157,8.7,1,6,50.0,33,6.0,1.1,9.8,3,BradKy00
195,Bryan Fletcher,IND,26,TE,16,12,27,18,66.7%,202,11.2,3,11,59.3,23,7.5,1.1,12.6,0,FletBr00
196,Chris Horn,KAN,28,WR,14,3,31,18,58.1%,187,10.4,0,7,48.4,50,6.0,1.3,13.4,0,HornCh00
197,LeRon McCoy,ARI,23,WR,10,4,30,18,60.0%,191,10.6,1,11,46.7,24,6.4,1.8,19.1,0,McCoLe00
198,Billy McMullen,PHI,25,WR,16,0,38,18,47.4%,268,14.9,1,13,44.7,38,7.1,1.1,16.8,1,McMuBi00
199,Willie Parker,PIT,25,RB,15,15,24,18,75.0%,218,12.1,1,9,58.3,48,9.1,1.2,14.5,4,ParkWi00
200,Robert Royal,WAS,26,TE,15,14,35,18,51.4%,131,7.3,1,8,37.1,29,3.7,1.2,8.7,0,RoyaRo00
201,Matt Schobel,CIN,27,TE,16,1,25,18,72.0%,193,10.7,1,9,48.0,28,7.7,1.1,12.1,1,SchoMa00
202,Aaron Shea,CLE,29,TE,12,4,32,18,56.3%,153,8.5,1,9,37.5,27,4.8,1.5,12.8,0,SheaAa00
203,Kevin Johnson,DET,29,WR,6,2,31,17,54.8%,133,7.8,0,7,38.7,25,4.3,2.8,22.2,0,JohnKe01
204,Kyle Johnson,DEN,27,FB,16,14,31,17,54.8%,160,9.4,5,12,41.9,33,5.2,1.1,10.0,0,JohnKy00
205,Deuce McAllister,NOR,27,RB,5,5,18,17,94.4%,117,6.9,0,4,38.9,22,6.5,3.4,23.4,0,McAlDe00
206,Ricky Williams,MIA,28,RB,12,3,20,17,85.0%,93,5.5,0,3,45.0,19,4.7,1.4,7.8,1,WillRi00
207,Shaud Williams,BUF,25,RB,16,0,23,17,73.9%,118,6.9,0,3,30.4,23,5.1,1.1,7.4,0,WillSh01
208,Anthony Becht,TAM,28,TE,16,16,25,16,64.0%,112,7.0,0,4,44.0,17,4.5,1.0,7.0,0,BechAn00
209,Daniel Graham,NWE,27,TE,11,9,25,16,64.0%,235,14.7,3,9,44.0,45,9.4,1.5,21.4,1,GrahDa00
210,Shaun Alexander*+,SEA,28,RB,16,16,29,15,51.7%,78,5.2,1,3,34.5,9,2.7,0.9,4.9,5,AlexSh00
211,Wayne Chrebet,NYJ,32,WR,8,0,23,15,65.2%,153,10.2,0,7,47.8,20,6.7,1.9,19.1,0,ChreWa00
212,Frank Gore,SFO,22,RB,14,1,22,15,68.2%,131,8.7,0,4,31.8,47,6.0,1.1,9.4,2,GoreFr00
213,Reggie Kelly,CIN,28,TE,15,14,18,15,83.3%,90,6.0,1,4,55.6,16,5.0,1.0,6.0,1,KellRe00
214,Roscoe Parrish,BUF,23,WR,10,1,25,15,60.0%,148,9.9,1,7,44.0,28,5.9,1.5,14.8,2,ParrRo00
215,Heath Evans,2TM,27,FB,12,3,17,14,82.4%,105,7.5,0,4,41.2,19,6.2,1.2,8.8,0,EvanHe00
216,Nick Goings,CAR,27,RB,16,1,20,14,70.0%,151,10.8,0,5,50.0,30,7.6,0.9,9.4,1,GoinNi00
217,Brad Hoover,CAR,29,FB,15,15,21,14,66.7%,87,6.2,0,2,42.9,12,4.1,0.9,5.8,0,HoovBr00
218,Charles Rogers,DET,24,WR,9,3,31,14,45.2%,197,14.1,1,11,45.2,35,6.4,1.6,21.9,0,RogeCh01
219,James Thrash,WAS,30,WR,12,2,30,14,46.7%,194,13.9,0,11,33.3,41,6.5,1.2,16.2,1,ThraJa00
220,Bobby Wade,2TM,24,WR,14,1,29,14,48.3%,120,8.6,0,8,27.6,17,4.1,1.0,8.6,10,WadeBo00
221,Troy Walters,IND,29,WR,16,1,19,14,73.7%,152,10.9,3,7,52.6,39,8.0,0.9,9.5,0,WaltTr00
222,Alvis Whitted,OAK,31,WR,16,0,26,14,53.8%,183,13.1,0,9,46.2,26,7.0,0.9,11.4,0,WhitAl00
223,Bernard Berrian,CHI,25,WR,11,2,25,13,52.0%,246,18.9,0,8,44.0,54,9.8,1.2,22.4,1,BerrBe00
224,Ernie Conwell,NOR,33,TE,8,8,29,13,44.8%,165,12.7,1,10,41.4,31,5.7,1.6,20.6,1,ConwEr00
225,Zack Crockett,OAK,33,FB,16,10,18,13,72.2%,111,8.5,0,3,61.1,23,6.2,0.8,6.9,1,CrocZa00
226,Jim Finn,NYG,29,FB,16,13,24,13,54.2%,98,7.5,0,5,33.3,15,4.1,0.8,6.1,1,FinnJi00
227,Rod Gardner,2TM,28,WR,13,1,26,13,50.0%,151,11.6,1,16,42.3,33,5.8,1.0,11.6,0,GardRo00
228,Ryan Hannam,SEA,25,TE,16,5,21,13,61.9%,89,6.8,1,7,38.1,20,4.2,0.8,5.6,0,HannRy00
229,Travis Henry,TEN,27,RB,10,1,20,13,65.0%,117,9.0,0,5,35.0,42,5.9,1.3,11.7,2,HenrTr00
230,Brandon Manumaleuna,STL,25,TE,14,14,20,13,65.0%,129,9.9,1,6,45.0,33,6.5,0.9,9.2,2,ManuBr00
231,Josh Parry,PHI,27,FB,16,11,16,13,81.3%,89,6.8,0,5,68.8,13,5.6,0.8,5.6,0,ParrJo00
232,Daimon Shelton,BUF,33,FB,16,11,21,13,61.9%,98,7.5,1,6,52.4,21,4.7,0.8,6.1,1,ShelDa00
233,Fred Taylor,JAX,29,RB,11,11,18,13,72.2%,83,6.4,0,4,44.4,13,4.6,1.2,7.5,0,TaylFr00
234,Randal Williams,OAK,27,WR,16,4,26,13,50.0%,164,12.6,0,7,42.3,34,6.3,0.8,10.3,0,WillRa01
235,George Wrighster,JAX,24,TE,16,6,23,13,56.5%,120,9.2,2,6,34.8,27,5.2,0.8,7.5,0,WrigGe00
236,Eric Edwards,ARI,25,TE,16,9,17,12,70.6%,133,11.1,1,4,47.1,63,7.8,0.8,8.3,0,EdwaEr00
237,Michael Gaines,CAR,25,TE,11,6,16,12,75.0%,155,12.9,2,8,50.0,38,9.7,1.1,14.1,0,GainMi00
238,Maurice Hicks,SFO,27,RB,14,3,16,12,75.0%,47,3.9,0,2,31.3,11,2.9,0.9,3.4,0,HickMa00
239,Jeremi Johnson,CIN,25,FB,16,11,19,12,63.2%,65,5.4,3,3,26.3,27,3.4,0.8,4.1,2,JohnJe00
240,Reno Mahe,PHI,25,RB,15,0,20,12,60.0%,68,5.7,0,3,20.0,12,3.4,0.8,4.5,2,MaheRe00
241,Dominic Rhodes,IND,26,RB,13,1,16,12,75.0%,88,7.3,0,2,50.0,15,5.5,0.9,6.8,2,RhodDo00
242,Mike Sellers,WAS,30,TE,15,6,16,12,75.0%,72,6.0,7,9,68.8,19,4.5,0.8,4.8,0,SellMi00
243,Antowain Smith,NOR,33,RB,16,7,15,12,80.0%,46,3.8,0,2,26.7,8,3.1,0.8,2.9,2,SmitAn00
244,Terrelle Smith,CLE,27,FB,16,15,16,12,75.0%,58,4.8,1,3,50.0,9,3.6,0.8,3.6,0,SmitTe00
245,Lamar Gordon,PHI,25,RB,14,4,17,11,64.7%,79,7.2,0,1,29.4,18,4.6,0.8,5.6,3,GordLa00
246,Verron Haynes,PIT,26,RB,14,0,17,11,64.7%,113,10.3,0,5,35.3,18,6.6,0.8,8.1,2,HaynVe00
247,Randy Hymes,BAL,26,WR,16,3,31,11,35.5%,132,12.0,2,9,32.3,21,4.3,0.7,8.3,0,HymeRa00
248,Taylor Jacobs,WAS,24,WR,15,3,25,11,44.0%,100,9.1,0,4,28.0,24,4.0,0.7,6.7,0,JacoTa00
249,Charles Lee,ARI,28,WR,6,0,18,11,61.1%,152,13.8,0,7,61.1,49,8.4,1.8,25.3,0,LeexCh00
250,Justin Peelle,SDG,26,TE,16,4,20,11,55.0%,38,3.5,1,4,25.0,11,1.9,0.7,2.4,0,PeelJu00
251,Peter Warrick,SEA,28,WR,13,5,23,11,47.8%,180,16.4,0,6,34.8,42,7.8,0.8,13.8,0,WarrPe00
252,Ladell Betts,WAS,26,RB,12,0,17,10,58.8%,78,7.8,1,4,29.4,26,4.6,0.8,6.5,3,BettLa00
253,Tim Carter,NYG,26,WR,15,1,25,10,40.0%,186,18.6,0,8,32.0,44,7.4,0.7,12.4,0,CartTi00
254,Marc Edwards,CHI,31,FB,8,5,13,10,76.9%,66,6.6,2,4,38.5,13,5.1,1.3,8.3,0,EdwaMa00
255,Casey Fitzsimmons,DET,25,TE,14,2,17,10,58.8%,45,4.5,1,3,29.4,11,2.6,0.7,3.2,0,FitzCa00
256,Troy Fleming,TEN,25,RB,13,2,15,10,66.7%,69,6.9,1,4,33.3,18,4.6,0.8,5.3,0,FlemTr00
257,Samkon Gado,GNB,23,RB,8,5,12,10,83.3%,77,7.7,1,4,58.3,30,6.4,1.3,9.6,4,GadoSa00
258,Terry Jackson,SFO,29,FB,16,0,18,10,55.6%,67,6.7,0,2,27.8,12,3.7,0.6,4.2,0,JackTe00
259,Greg Jones,JAX,24,FB,14,13,15,10,66.7%,65,6.5,0,3,53.3,10,4.3,0.7,4.6,0,JoneGr01
260,Mike Karney,NOR,24,FB,16,14,13,10,76.9%,61,6.1,0,2,46.2,10,4.7,0.6,3.8,0,KarnMi00
261,Vernand Morency,HOU,25,RB,12,1,15,10,66.7%,87,8.7,0,5,40.0,16,5.8,0.8,7.3,1,MoreVe00
262,Kelley Washington,CIN,26,WR,7,0,19,10,52.6%,101,10.1,1,7,52.6,18,5.3,1.4,14.4,0,WashKe00
263,Derick Armstrong,HOU,26,WR,13,3,12,9,75.0%,115,12.8,0,8,75.0,28,9.6,0.7,8.8,0,ArmsDe00
264,Andre' Davis,NWE,26,WR,9,4,24,9,37.5%,190,21.1,1,8,37.5,60,7.9,1.0,21.1,0,DaviAn01
265,Todd Devoe,DEN,25,WR,14,0,14,9,64.3%,87,9.7,1,1,28.6,44,6.2,0.6,6.2,0,DevoTo00
266,Madison Hedgecock,STL,24,FB,16,7,11,9,81.8%,69,7.7,0,3,63.6,15,6.3,0.6,4.3,0,HedgMa00
267,Terry Jones,2TM,26,TE,8,5,15,9,60.0%,76,8.4,0,8,53.3,21,5.1,1.1,9.5,0,JoneTe00
268,Quincy Morgan,PIT,28,WR,16,0,18,9,50.0%,150,16.7,2,7,50.0,31,8.3,0.6,9.4,1,MorgQu00
269,Lousaka Polite,DAL,24,RB,14,3,14,9,64.3%,72,8.0,1,4,50.0,15,5.1,0.6,5.1,0,PoliLo00
270,Tony Richardson,KAN,34,FB,16,16,16,9,56.3%,68,7.6,1,3,37.5,22,4.3,0.6,4.3,0,RichTo00
271,Marc Boerigter,KAN,27,WR,10,0,16,8,50.0%,119,14.9,0,5,50.0,38,7.4,0.8,11.9,0,BoerMa00
272,Lorenzo Diamond,MIA,26,TE,16,7,12,8,66.7%,54,6.8,0,2,50.0,18,4.5,0.5,3.4,0,DiamLo00
273,Christian Fauria,NWE,34,TE,16,10,17,8,47.1%,57,7.1,2,7,41.2,18,3.4,0.5,3.6,0,FaurCh00
274,Cedric Houston,NYJ,23,RB,12,4,10,8,80.0%,66,8.3,0,2,60.0,16,6.6,0.7,5.5,1,HousCe00
275,Sammy Morris,MIA,28,RB,16,2,12,8,66.7%,54,6.8,0,2,25.0,18,4.5,0.5,3.4,0,MorrSa00
276,Cory Schlesinger,DET,33,FB,11,8,14,8,57.1%,31,3.9,1,2,35.7,8,2.2,0.7,2.8,0,SchlCo00
277,Visanthe Shiancoe,NYG,25,TE,16,5,17,8,47.1%,91,11.4,0,5,41.2,17,5.4,0.5,5.7,0,ShiaVi00
278,Moe Williams,MIN,31,RB,6,1,14,8,57.1%,52,6.5,0,2,28.6,25,3.7,1.3,8.7,1,WillMo00
279,Jameel Cook,TAM,26,FB,16,0,10,7,70.0%,43,6.1,1,3,50.0,11,4.3,0.4,2.7,0,CookJa00
280,Justin Green,BAL,23,FB,12,4,8,7,87.5%,32,4.6,0,1,37.5,8,4.0,0.6,2.7,0,GreeJu00
281,Dan Kreider,PIT,28,FB,16,8,11,7,63.6%,43,6.1,0,1,63.6,9,3.9,0.4,2.7,0,KreiDa00
282,Jason McAddley,SFO,26,WR,12,2,15,7,46.7%,125,17.9,0,4,33.3,38,8.3,0.6,10.4,0,McAdJa00
283,Aaron Moorehead,IND,25,WR,2,0,11,7,63.6%,75,10.7,0,3,45.5,24,6.8,3.5,37.5,0,MoorAa00
284,Adrian Peterson,CHI,26,RB,16,0,12,7,58.3%,48,6.9,0,1,25.0,18,4.0,0.4,3.0,1,PeteAd00
285,Stephen Spach,PHI,23,TE,13,1,12,7,58.3%,42,6.0,0,1,41.7,8,3.5,0.5,3.2,0,SpacSt00
286,Andrae Thurman,2TM,25,WR,15,1,14,7,50.0%,92,13.1,0,10,42.9,33,6.6,0.5,6.1,1,ThurAn00
287,Jerheme Urban,SEA,25,WR,4,1,10,7,70.0%,151,21.6,0,7,70.0,46,15.1,1.8,37.8,0,UrbaJe00
288,Darnell Dinkins,BAL,28,TE,16,4,13,6,46.2%,55,9.2,0,4,46.2,15,4.2,0.4,3.4,0,DinkDa00
289,T.J. Duckett,ATL,24,RB,14,0,7,6,85.7%,63,10.5,0,3,71.4,19,9.0,0.4,4.5,2,DuckT.00
290,J.P. Foschi,OAK,23,FB,10,5,11,6,54.5%,37,6.2,0,2,36.4,11,3.4,0.6,3.7,0,FoscJo00
291,Lamont Hall,NOR,31,TE,16,5,7,6,85.7%,36,6.0,0,2,71.4,8,5.1,0.4,2.3,0,HallLa00
292,Jarrett Payton,TEN,25,RB,13,0,10,6,60.0%,30,5.0,0,0,40.0,9,3.0,0.5,2.3,0,PaytJa00
293,Peerless Price,DAL,29,WR,7,1,9,6,66.7%,96,16.0,0,4,55.6,58,10.7,0.9,13.7,0,PricPe00
294,Edell Shepherd,TAM,25,WR,16,0,9,6,66.7%,103,17.2,1,4,44.4,46,11.4,0.4,6.4,1,ShepEd00
295,Paul Smith,DET,27,FB,12,5,12,6,50.0%,49,8.2,0,4,41.7,11,4.1,0.5,4.1,1,SmitPa00
296,Duce Staley,PIT,30,RB,5,1,7,6,85.7%,34,5.7,0,0,42.9,9,4.9,1.2,6.8,1,StalDu00
297,Lee Suggs,CLE,25,RB,8,0,8,6,75.0%,26,4.3,0,0,37.5,8,3.3,0.8,3.3,0,SuggLe00
298,Billy Bajema,SFO,23,TE,15,7,10,5,50.0%,54,10.8,0,2,20.0,24,5.4,0.3,3.6,0,BajeBi00
299,Drew Carter,CAR,24,WR,3,0,15,5,33.3%,103,20.6,1,4,33.3,40,6.9,1.7,34.3,0,CartDr00
300,Cam Cleeland,STL,30,TE,9,3,6,5,83.3%,17,3.4,1,3,50.0,9,2.8,0.6,1.9,0,CleeCa00
301,Stephen Davis,CAR,31,RB,13,11,12,5,41.7%,45,9.0,0,3,33.3,21,3.8,0.4,3.5,2,DaviSt00
302,Joel Dreessen,NYJ,23,TE,14,0,10,5,50.0%,41,8.2,0,1,50.0,17,4.1,0.4,2.9,0,DreeJo00
303,Jason Dunn,KAN,32,TE,16,1,9,5,55.6%,53,10.6,0,2,33.3,24,5.9,0.3,3.3,0,DunnJa00
304,Bryan Gilmore,MIA,27,WR,15,1,20,5,25.0%,105,21.0,1,3,25.0,44,5.3,0.3,7.0,0,GilmBr00
305,William Green,CLE,26,RB,8,0,8,5,62.5%,30,6.0,0,0,12.5,14,3.8,0.6,3.8,0,GreeWi01
306,Chris Hetherington,SFO,33,FB,16,6,9,5,55.6%,26,5.2,0,1,22.2,11,2.9,0.3,1.6,0,HethCh00
307,Bryan Johnson,CHI,27,FB,7,6,5,5,100.0%,15,3.0,0,1,40.0,7,3.0,0.7,2.1,0,JohnBr01
308,Vonta Leach,GNB,24,FB,16,5,10,5,50.0%,19,3.8,0,0,0.0,9,1.9,0.3,1.2,0,LeacVo00
309,Chad Lewis,PHI,34,TE,8,0,9,5,55.6%,64,12.8,0,4,44.4,17,7.1,0.6,8.0,0,LewiCh00
310,Jerome Mathis*+,HOU,22,WR,12,0,13,5,38.5%,65,13.0,1,2,30.8,34,5.0,0.4,5.4,3,MathJe00
311,Darnerien McCants,PHI,29,WR,12,0,9,5,55.6%,87,17.4,0,3,44.4,22,9.7,0.4,7.3,0,McCaDa00
312,Maurice Morris,SEA,26,RB,16,2,6,5,83.3%,48,9.6,0,3,50.0,20,8.0,0.3,3.0,0,MorrMa00
313,Terrence Murphy,GNB,23,WR,3,0,11,5,45.5%,36,7.2,0,4,45.5,12,3.3,1.7,12.0,0,MurpTe00
314,Jonathan Smith,BUF,24,WR,7,1,7,5,71.4%,56,11.2,1,3,57.1,19,8.0,0.7,8.0,1,SmitJo00
315,David Tyree*,NYG,25,WR,13,0,9,5,55.6%,52,10.4,1,2,55.6,18,5.8,0.4,4.0,1,TyreDa00
316,Derrick Wimbush,JAX,25,RB,14,1,10,5,50.0%,26,5.2,0,3,40.0,6,2.6,0.4,1.9,1,WimbDe00
317,Sam Aiken,BUF,25,WR,16,2,13,4,30.8%,57,14.3,0,3,30.8,22,4.4,0.3,3.6,0,AikeSa00
318,Jerome Bettis,PIT,33,RB,12,0,4,4,100.0%,40,10.0,0,2,100.0,16,10.0,0.3,3.3,0,BettJe00
319,Dwayne Blakley,ATL,26,TE,16,1,7,4,57.1%,30,7.5,1,3,42.9,10,4.3,0.3,1.9,0,BlakDw00
320,David Boston,MIA,27,WR,5,0,10,4,40.0%,80,20.0,0,2,40.0,54,8.0,0.8,16.0,0,BostDa00
321,Arlen Harris,STL,25,RB,16,0,5,4,80.0%,34,8.5,0,1,40.0,17,6.8,0.3,2.1,0,HarrAr00
322,Bethel Johnson,NWE,26,WR,11,1,6,4,66.7%,67,16.8,1,1,33.3,55,11.2,0.4,6.1,1,JohnBe00
323,Jason McKie,CHI,25,FB,8,2,4,4,100.0%,15,3.8,0,1,25.0,11,3.8,0.5,1.9,0,McKiJa00
324,Ryan Moats,PHI,23,RB,7,1,6,4,66.7%,7,1.8,0,0,16.7,9,1.2,0.6,1.0,3,MoatRy00
325,Donovan Morgan,HOU,23,WR,3,0,9,4,44.4%,42,10.5,0,1,44.4,14,4.7,1.3,14.0,0,MorgDo00
326,Reggie Newhouse,ARI,24,WR,3,1,10,4,40.0%,45,11.3,0,1,30.0,17,4.5,1.3,15.0,0,NewhRe00
327,Tab Perry,CIN,23,WR,16,0,5,4,80.0%,21,5.3,1,2,40.0,13,4.2,0.3,1.3,1,PerrTa00
328,Tony Stewart,CIN,26,TE,14,3,6,4,66.7%,26,6.5,0,1,50.0,10,4.3,0.3,1.9,0,StewTo00
329,Anthony Thomas,2TM,28,RB,9,2,8,4,50.0%,13,3.3,0,0,12.5,6,1.6,0.4,1.4,0,ThomAn01
330,Javon Walker,GNB,27,WR,1,1,5,4,80.0%,27,6.8,0,2,80.0,9,5.4,4.0,27.0,0,WalkJa00
331,Derrick Blaylock,NYJ,26,RB,7,1,4,3,75.0%,17,5.7,0,0,0.0,10,4.3,0.4,2.4,0,BlayDe00
332,Dee Brown,KAN,27,RB,8,0,3,3,100.0%,23,7.7,1,2,100.0,9,7.7,0.4,2.9,0,BrowDe02
333,Steve Bush,SFO,31,TE,15,2,4,3,75.0%,21,7.0,0,2,75.0,10,5.3,0.2,1.4,0,BushSt00
334,Dan Campbell,DAL,29,TE,16,12,7,3,42.9%,24,8.0,1,2,42.9,18,3.4,0.2,1.5,0,CampDa00
335,Bam Childress,NWE,23,WR,1,0,4,3,75.0%,32,10.7,0,1,50.0,21,8.0,3.0,32.0,0,ChilBr00
336,Ron Dayne,DEN,27,RB,10,0,3,3,100.0%,17,5.7,0,0,33.3,7,5.7,0.3,1.7,1,DaynRo00
337,Tim Euhus,BUF,25,TE,11,3,5,3,60.0%,17,5.7,0,1,40.0,9,3.4,0.3,1.5,0,EuhuTi00
338,Cortez Hankton,JAX,24,WR,6,0,6,3,50.0%,15,5.0,0,0,0.0,8,2.5,0.5,2.5,0,HankCo00
339,Vincent Jackson,SDG,22,WR,8,0,8,3,37.5%,59,19.7,0,3,37.5,21,7.4,0.4,7.4,0,JackVi00
340,Teyo Johnson,ARI,24,TE,6,3,3,3,100.0%,29,9.7,0,0,0.0,13,9.7,0.5,4.8,0,JohnTe00
341,Brian Jones,JAX,24,TE,13,1,6,3,50.0%,49,16.3,0,1,33.3,41,8.2,0.2,3.8,0,JoneBr01
342,Fred McCrary,ATL,33,FB,15,0,3,3,100.0%,12,4.0,0,1,33.3,11,4.0,0.2,0.8,0,McCrFr00
343,Clarence Moore,BAL,23,WR,4,1,19,3,15.8%,59,19.7,0,3,15.8,24,3.1,0.8,14.8,0,MoorCl00
344,Ovie Mughelli,BAL,25,FB,13,5,6,3,50.0%,13,4.3,0,0,0.0,6,2.2,0.2,1.0,1,MughOv00
345,James Mungro,IND,27,RB,12,0,3,3,100.0%,28,9.3,0,1,66.7,17,9.3,0.3,2.3,0,MungJa00
346,Damien Nash,TEN,23,RB,3,0,3,3,100.0%,14,4.7,0,0,66.7,7,4.7,1.0,4.7,0,NashDa00
347,Nate Poole,NOR,28,WR,7,0,4,3,75.0%,63,21.0,0,1,75.0,42,15.8,0.4,9.0,0,PoolNa01
348,Gabe Reid,CHI,28,TE,16,3,6,3,50.0%,20,6.7,0,2,33.3,10,3.3,0.2,1.3,0,ReidGa00
349,Musa Smith,BAL,23,RB,1,0,3,3,100.0%,5,1.7,0,0,0.0,4,1.7,3.0,5.0,0,SmitMu00
350,Trent Smith,SFO,26,TE,5,2,8,3,37.5%,7,2.3,0,0,0.0,6,0.9,0.6,1.4,0,SmitTr01
351,Darren Sproles,SDG,22,RB,15,0,4,3,75.0%,10,3.3,0,0,25.0,6,2.5,0.2,0.7,3,SproDa00
352,Tyson Thompson,DAL,24,RB,15,0,4,3,75.0%,16,5.3,0,0,50.0,8,4.0,0.2,1.1,2,ThomTy00
353,LaBrandon Toefield,JAX,25,RB,9,2,7,3,42.9%,17,5.7,0,1,28.6,11,2.4,0.3,1.9,0,ToefLa00
354,Jerame Tuman,PIT,29,TE,15,9,4,3,75.0%,57,19.0,0,2,75.0,27,14.3,0.2,3.8,0,TumaJe00
355,Ben Utecht,IND,24,TE,12,2,12,3,25.0%,59,19.7,2,3,25.0,26,4.9,0.3,4.9,0,UtecBe00
356,Mike Vrabel,NWE,30,RILB,16,16,3,3,100.0%,4,1.3,3,3,100.0,2,1.3,0.2,0.3,0,VrabMi20
357,Roland Williams,STL,30,TE,4,3,3,3,100.0%,21,7.0,0,1,66.7,12,7.0,0.8,5.3,0,WillRo01
358,Kris Wilson,KAN,24,TE,14,1,5,3,60.0%,33,11.0,0,3,60.0,16,6.6,0.2,2.4,0,WilsKr00
359,Jason Wright,CLE,23,RB,3,0,3,3,100.0%,15,5.0,0,1,33.3,15,5.0,1.0,5.0,0,WrigJa01
360,Mike Bartrum*,PHI,35,LS,16,0,2,2,100.0%,6,3.0,2,2,100.0,3,3.0,0.1,0.4,0,BartMi00
361,Fred Beasley,SFO,31,FB,9,7,3,2,66.7%,12,6.0,0,0,0.0,6,4.0,0.2,1.3,0,BeasFr00
362,Eddie Berlin,CHI,27,WR,5,0,4,2,50.0%,9,4.5,0,0,0.0,9,2.3,0.4,1.8,0,BerlEd00
363,Mark Bruener,HOU,33,TE,16,15,4,2,50.0%,22,11.0,0,1,25.0,19,5.5,0.1,1.4,0,BrueMa00
364,Dwayne Carswell,DEN,33,TE,7,0,2,2,100.0%,3,1.5,2,2,100.0,2,1.5,0.3,0.4,0,CarsDw00
365,Rock Cartwright,WAS,26,FB,16,0,4,2,50.0%,23,11.5,0,1,25.0,17,5.8,0.1,1.4,1,CartRo01
366,Ronald Curry,OAK,26,WR,2,0,2,2,100.0%,12,6.0,0,1,50.0,8,6.0,1.0,6.0,0,CurrRo01
367,Najeh Davenport,GNB,26,RB,5,1,2,2,100.0%,3,1.5,0,0,0.0,2,1.5,0.4,0.6,1,DaveNa00
368,Wesley Duke,DEN,24,TE,3,0,4,2,50.0%,22,11.0,1,2,50.0,21,5.5,0.7,7.3,0,DukeWe00
369,Troy Edwards,DET,28,WR,3,0,2,2,100.0%,15,7.5,0,1,50.0,8,7.5,0.7,5.0,0,EdwaTr00
370,Gregg Guenther,TEN,23,TE,5,0,3,2,66.7%,13,6.5,0,1,66.7,8,4.3,0.4,2.6,0,GuenGr00
371,Ben Hartsock,IND,25,TE,7,0,2,2,100.0%,8,4.0,0,1,50.0,7,4.0,0.3,1.1,0,HartBe00
372,Paul Irons,CLE,22,TE,2,1,2,2,100.0%,16,8.0,0,1,50.0,14,8.0,1.0,8.0,0,IronPa00
373,James Jackson,ARI,29,RB,8,0,4,2,50.0%,31,15.5,0,2,50.0,19,7.8,0.3,3.9,0,JackJa00
374,Patrick Johnson,BAL,29,WR,6,0,5,2,40.0%,31,15.5,0,2,40.0,19,6.2,0.3,5.2,0,JohnPa00
375,Brian Kozlowski,WAS,35,TE,16,0,3,2,66.7%,26,13.0,0,1,66.7,18,8.7,0.1,1.6,0,KozlBr00
376,Matt Murphy,HOU,25,TE,9,2,4,2,50.0%,26,13.0,0,2,50.0,14,6.5,0.2,2.9,0,MurpMa00
377,Kassim Osgood,SDG,25,WR,12,3,5,2,40.0%,21,10.5,0,2,40.0,15,4.2,0.2,1.8,0,OsgoKa00
378,Richard Owens,MIN,25,TE,16,2,2,2,100.0%,18,9.0,0,1,100.0,12,9.0,0.1,1.1,0,OwenRi00
379,Jason Peters,BUF,23,RT,16,10,4,2,50.0%,5,2.5,1,1,50.0,4,1.3,0.1,0.3,0,PeteJa21
380,Brett Pierce,DAL,24,TE,10,1,3,2,66.7%,15,7.5,0,1,33.3,10,5.0,0.2,1.5,0,PierBr00
381,Alan Ricard,BAL,28,FB,2,2,3,2,66.7%,18,9.0,0,1,66.7,11,6.0,1.0,9.0,0,RicaAl00
382,Dante Ridgeway,NYJ,21,WR,8,0,3,2,66.7%,26,13.0,0,0,0.0,17,8.7,0.3,3.3,0,RidgDa00
383,Cecil Sapp,DEN,27,RB,16,0,2,2,100.0%,17,8.5,0,1,50.0,12,8.5,0.1,1.1,0,SappCe00
384,Derrick Ward,NYG,25,RB,14,0,5,2,40.0%,13,6.5,0,1,20.0,8,2.6,0.1,0.9,0,WardDe01
385,Darius Watts,DEN,24,WR,6,0,4,2,50.0%,22,11.0,0,2,50.0,12,5.5,0.3,3.7,0,WattDa00
386,Dez White,ATL,26,WR,6,3,10,2,20.0%,25,12.5,1,2,20.0,14,2.5,0.3,4.2,0,WhitDe00
387,Richard Angulo,MIN,25,TE,2,0,1,1,100.0%,11,11.0,0,1,100.0,11,11.0,0.5,5.5,0,AnguRi00
388,Tom Ashworth,NWE,28,RT,14,11,1,1,100.0%,1,1.0,1,1,100.0,1,1.0,0.1,0.1,0,AshwTo20
389,B.J. Askew,NYJ,25,FB,10,1,1,1,100.0%,11,11.0,0,1,100.0,11,11.0,0.1,1.1,0,AskeB.00
390,Jarrod Baxter,ARI,26,FB,8,2,3,1,33.3%,4,4.0,0,0,0.0,4,1.3,0.1,0.5,0,BaxtJa00
391,Cedric Benson,CHI,23,RB,9,1,1,1,100.0%,3,3.0,0,0,0.0,3,3.0,0.1,0.3,1,BensCe00
392,Sean Berton,NYG,26,TE,14,0,1,1,100.0%,3,3.0,0,0,0.0,3,3.0,0.1,0.2,0,BertSe00
393,Marc Bulger,STL,28,QB,8,8,1,1,100.0%,1,1.0,0,0,0.0,1,1.0,0.1,0.1,4,BulgMa00
394,Joe Burns,BUF,26,RB,16,0,1,1,100.0%,19,19.0,1,1,100.0,19,19.0,0.1,1.2,0,BurnJo00
395,Ran Carthon,IND,24,RB,6,0,1,1,100.0%,10,10.0,0,1,100.0,10,10.0,0.2,1.7,1,CartRa00
396,Aveion Cason,STL,26,RB,2,0,1,1,100.0%,11,11.0,0,1,100.0,11,11.0,0.5,5.5,0,CasoAv00
397,Terrance Copper,DAL,23,WR,16,0,4,1,25.0%,5,5.0,0,1,25.0,5,1.3,0.1,0.3,0,CoppTe00
398,Josh Cribbs,CLE,22,WR,14,0,1,1,100.0%,7,7.0,0,0,0.0,7,7.0,0.1,0.5,4,CribJo01
399,Ronnie Cruz,KAN,24,RB,14,0,1,1,100.0%,15,15.0,0,1,100.0,15,15.0,0.1,1.1,0,CruzRo00
400,Jeff Faine,CLE,24,C,14,14,1,1,100.0%,-1,-1.0,0,0,0.0,-1,-1.0,0.1,-0.1,0,FainJe20
401,Justin Fargas,OAK,25,FB,14,0,5,1,20.0%,9,9.0,0,0,20.0,9,1.8,0.1,0.6,0,FargJu00
402,Jimmy Farris,WAS,27,WR,4,0,2,1,50.0%,18,18.0,0,1,50.0,18,9.0,0.3,4.5,0,FarrJi00
403,John Gilmore,CHI,26,TE,16,0,4,1,25.0%,1,1.0,1,1,25.0,1,0.3,0.1,0.1,0,GilmJo00
404,Joey Harrington,DET,27,QB,12,11,1,1,100.0%,-4,-4.0,0,0,0.0,-4,-4.0,0.1,-0.3,7,HarrJo00
405,Will Heller,MIA,24,TE,7,0,2,1,50.0%,1,1.0,1,1,50.0,1,0.5,0.1,0.1,0,HellWi00
406,Alex Holmes,MIA,24,TE,8,0,1,1,100.0%,2,2.0,0,0,0.0,2,2.0,0.1,0.3,0,HolmAl00
407,Robert Johnson,WAS,25,TE,2,0,2,1,50.0%,14,14.0,0,1,50.0,14,7.0,0.5,7.0,0,JohnRo04
408,Matt Kranchick,2TM,26,TE,6,1,1,1,100.0%,6,6.0,0,0,0.0,6,6.0,0.2,1.0,0,KranMa00
409,ReShard Lee,GNB,25,RB,7,1,1,1,100.0%,5,5.0,0,0,0.0,5,5.0,0.1,0.7,2,LeexRe00
410,Vince Manuwai,JAX,25,LG,16,16,1,1,100.0%,-1,-1.0,0,0,0.0,-1,-1.0,0.1,-0.1,0,ManuVi20
411,Rasheed Marshall,SFO,24,WR,12,0,6,1,16.7%,-1,-1.0,0,0,0.0,-1,-0.2,0.1,-0.1,4,MarsRa00
412,Glenn Martinez,DET,24,WR,5,0,7,1,14.3%,11,11.0,0,0,0.0,11,1.6,0.2,2.2,0,MartGl00
413,Travis Minor,MIA,26,RB,16,0,1,1,100.0%,0,0.0,0,0,0.0,0,0.0,0.1,0.0,0,MinoTr00
414,Dave Moore,TAM,36,TE,16,1,1,1,100.0%,5,5.0,0,1,100.0,5,5.0,0.1,0.3,0,MoorDa00
415,Ryan Neufeld,BUF,30,TE,13,0,4,1,25.0%,9,9.0,0,0,0.0,9,2.3,0.1,0.7,0,NeufRy00
416,Donnie Nickey,TEN,25,DB,16,0,2,1,50.0%,26,26.0,0,1,50.0,26,13.0,0.1,1.6,0,NickDo20
417,Moran Norris,HOU,27,FB,16,5,1,1,100.0%,4,4.0,1,1,100.0,4,4.0,0.1,0.3,0,NorrMo00
418,Jerome Pathon,ATL,30,WR,9,0,3,1,33.3%,18,18.0,0,1,33.3,18,6.0,0.1,2.0,0,PathJe00
419,Jeff Robinson,STL,35,TE,5,1,3,1,33.3%,28,28.0,0,1,33.3,28,9.3,0.2,5.6,0,RobiJe00
420,Michael Roos,TEN,23,RT,16,16,1,1,100.0%,-7,-7.0,0,0,0.0,-7,-7.0,0.1,-0.4,0,RoosMi20
421,Chris Simms,TAM,25,QB,11,10,1,1,100.0%,-3,-3.0,0,0,0.0,-3,-3.0,0.1,-0.3,6,SimmCh00
422,O.J. Small,TEN,23,WR,2,0,1,1,100.0%,6,6.0,0,0,0.0,6,6.0,0.5,3.0,0,SmalO.00
423,Dominique Thompson,STL,23,WR,2,0,2,1,50.0%,13,13.0,0,0,0.0,13,6.5,0.5,6.5,0,ThomDo01
424,Michael Vick*,ATL,25,QB,15,15,1,1,100.0%,-14,-14.0,0,0,0.0,-14,-14.0,0.1,-0.9,11,VickMi00
425,Kurt Warner,ARI,34,QB,10,10,1,1,100.0%,0,0.0,0,0,0.0,0,0.0,0.1,0.0,9,WarnKu00
426,Leonard Weaver,SEA,23,RB,16,0,3,1,33.3%,12,12.0,0,1,33.3,12,4.0,0.1,0.8,0,WeavLe00
427,Walter Williams,GNB,28,RB,2,0,2,1,50.0%,19,19.0,0,1,50.0,19,9.5,0.5,9.5,0,WillWa02
428,Amos Zereoue,NWE,29,RB,3,0,1,1,100.0%,5,5.0,0,0,0.0,5,5.0,0.3,1.7,0,ZereAm00
429,Otis Amey,SFO,24,WR,11,0,4,0,0.0%,0,,0,0,0.0,0,0.0,0.0,0.0,1,AmeyFr00
430,Alex Bannister,SEA,26,WR,2,0,1,0,0.0%,0,,0,0,0.0,0,0.0,0.0,0.0,,BannAl00
431,Darian Barnes,MIA,25,FB,9,6,4,0,0.0%,0,,0,0,0.0,0,0.0,0.0,0.0,,BarnDa00
432,Kevin Barry,GNB,26,T,16,1,1,0,0.0%,0,,0,0,0.0,0,0.0,0.0,0.0,,BarrKe20
433,Eric Beverly,ATL,31,TE,16,2,3,0,0.0%,0,,0,0,0.0,0,0.0,0.0,0.0,,BeveEr00
434,Kyle Boller,BAL,24,QB,9,9,1,0,0.0%,0,,0,0,0.0,0,0.0,0.0,0.0,8,BollKy00
435,Drew Brees,SDG,26,QB,16,16,1,0,0.0%,0,,0,0,0.0,0,0.0,0.0,0.0,8,BreeDr00
436,Antonio Brown,WAS,27,WR,7,0,1,0,0.0%,0,,0,0,0.0,0,0.0,0.0,0.0,2,BrowAn01
437,Mike Cloud,2TM,30,RB,7,0,2,0,0.0%,0,,0,0,0.0,0,0.0,0.0,0.0,0,ClouMi00
438,Zeron Flemister,OAK,29,TE,12,3,2,0,0.0%,0,,0,0,0.0,0,0.0,0.0,0.0,0,FlemZe00
439,Earnest Graham,TAM,25,RB,16,0,1,0,0.0%,0,,0,0,0.0,0,0.0,0.0,0.0,1,GrahEa00
440,Karl Hankton,CAR,35,WR,16,0,1,0,0.0%,0,,0,0,0.0,0,0.0,0.0,0.0,0,HankKa00
441,John Henderson,JAX,26,RDT,16,15,1,0,0.0%,0,,0,0,0.0,0,0.0,0.0,0.0,0,HendJo99
442,Tory Humphrey,GNB,22,TE,1,0,1,0,0.0%,0,,0,0,0.0,0,0.0,0.0,0.0,,HumpTo00
443,Nate Jackson,DEN,26,WR,2,0,1,0,0.0%,0,,0,0,0.0,0,0.0,0.0,0.0,,JackNa00
444,Brian Jennings,SFO,29,LS,16,0,1,0,0.0%,0,,0,0,0.0,0,0.0,0.0,0.0,0,JennBr00
445,Jamal Jones,GNB,24,WR,2,0,1,0,0.0%,0,,0,0,0.0,0,0.0,0.0,0.0,1,JoneJa02
446,Sean McHugh,DET,23,FB,3,0,1,0,0.0%,0,,0,0,0.0,0,0.0,0.0,0.0,,McHuSe00
447,Corey McIntyre,CLE,26,FB,15,1,1,0,0.0%,0,,0,0,0.0,0,0.0,0.0,0.0,0,McInCo00
448,Shad Meier,NOR,27,TE,1,0,1,0,0.0%,0,,0,0,0.0,0,0.0,0.0,0.0,,MeieSh00
449,Itula Mili,SEA,32,TE,2,0,2,0,0.0%,0,,0,0,0.0,0,0.0,0.0,0.0,,MiliIt00
450,Billy Miller,CLE,28,TE,3,1,1,0,0.0%,0,,0,0,0.0,0,0.0,0.0,0.0,,MillBi00
451,Chad Owens,JAX,23,WR,1,0,1,0,0.0%,0,,0,0,0.0,0,0.0,0.0,0.0,2,OwenCh00
452,Bruce Perry,PHI,24,RB,2,1,2,0,0.0%,0,,0,0,0.0,0,0.0,0.0,0.0,0,PerrBr01
453,Jamal Robertson,CAR,28,RB,7,0,2,0,0.0%,0,,0,0,0.0,0,0.0,0.0,0.0,1,RobeJa00
454,Mike Seidman,CAR,24,TE,12,1,4,0,0.0%,0,,0,0,0.0,0,0.0,0.0,0.0,1,SeidMi00
455,Justin Snow,IND,29,LS,16,0,1,0,0.0%,0,,0,0,0.0,0,0.0,0.0,0.0,,SnowJu00
456,Kordell Stewart,BAL,33,QB,1,0,1,0,0.0%,0,,0,0,0.0,0,0.0,0.0,0.0,0,StewKo00
457,John Tait,CHI,30,LT,15,15,1,0,0.0%,0,,0,0,0.0,0,0.0,0.0,0.0,,TaitJo20
458,Jamaar Taylor,NYG,24,WR,5,0,1,0,0.0%,0,,0,0,0.0,0,0.0,0.0,0.0,,TaylJa00
459,David Terrell,DEN,26,WR,1,0,1,0,0.0%,0,,0,0,0.0,0,0.0,0.0,0.0,,TerrDa00
460,Michael Turner,SDG,23,RB,16,0,1,0,0.0%,0,,0,0,0.0,0,0.0,0.0,0.0,0,TurnMi00
461,Nate Washington,PIT,22,WR,1,0,1,0,0.0%,0,,0,0,0.0,0,0.0,0.0,0.0,,WashNa00
462,Jamel White,BAL,28,RB,5,0,1,0,0.0%,0,,0,0,0.0,0,0.0,0.0,0.0,0,WhitJa00